﻿<?xml version="1.0"?>
<doc>
<assembly>
<name>
iF0resnics r2
</name>
</assembly>
<members>
<member name="T:iF0resnics_r2.My.Resources.Resources">
<summary>
  A strongly-typed resource class, for looking up localized strings, etc.
</summary>
</member>
<member name="P:iF0resnics_r2.My.Resources.Resources.ResourceManager">
<summary>
  Returns the cached ResourceManager instance used by this class.
</summary>
</member>
<member name="P:iF0resnics_r2.My.Resources.Resources.Culture">
<summary>
  Overrides the current thread's CurrentUICulture property for all
  resource lookups using this strongly typed resource class.
</summary>
</member>
<member name="P:iF0resnics_r2.My.Resources.Resources.Drawing__1_">
<summary>
  Looks up a localized resource of type System.Drawing.Bitmap.
</summary>
</member>
<member name="P:iF0resnics_r2.My.Resources.Resources.Drawing__2_">
<summary>
  Looks up a localized resource of type System.Drawing.Bitmap.
</summary>
</member>
<member name="P:iF0resnics_r2.My.Resources.Resources.Drawing__3_">
<summary>
  Looks up a localized resource of type System.Drawing.Bitmap.
</summary>
</member>
<member name="P:iF0resnics_r2.My.Resources.Resources.Drawing__4_">
<summary>
  Looks up a localized resource of type System.Drawing.Bitmap.
</summary>
</member>
</members>
</doc>
